{
    "batch_size": 128,
    "best_valid_measure": 0.2992008926782633,
    "epoch": 8,
    "last_improvement": 4,
    "last_improvement_epoch": 4,
    "learning_rate": 0.001,
    "num_increases_bs": 0,
    "num_reductions_lr": 0,
    "steps": 184,
    "test_stats": {
        "class": {
            "accuracy": [
                0.7858880778588808,
                0.8795620437956204,
                0.8905109489051095,
                0.9136253041362531,
                0.8236009732360098,
                0.6155717761557178,
                0.9075425790754258,
                0.9099756690997567
            ],
            "hits_at_k": [
                0.9768856447688564,
                0.9781021897810219,
                0.9841849148418491,
                0.9951338199513382,
                0.975669099756691,
                0.781021897810219,
                0.9927007299270073,
                0.9914841849148418
            ],
            "loss": [
                0.7768285941613562,
                0.405496806123831,
                0.34071845497818176,
                0.2833841084853866,
                0.5036620119192304,
                1.194487161009851,
                0.300101555176895,
                0.35605496733728115
            ]
        },
        "combined": {
            "accuracy": [
                0.7858880778588808,
                0.8795620437956204,
                0.8905109489051095,
                0.9136253041362531,
                0.8236009732360098,
                0.6155717761557178,
                0.9075425790754258,
                0.9099756690997567
            ],
            "loss": [
                0.7768285941613562,
                0.405496806123831,
                0.34071845497818176,
                0.2833841084853866,
                0.5036620119192304,
                1.194487161009851,
                0.300101555176895,
                0.35605496733728115
            ]
        }
    },
    "train_stats": {
        "class": {
            "accuracy": [
                0.8336820083682008,
                0.958507670850767,
                0.9797768479776848,
                0.9982566248256625,
                0.9640864714086471,
                0.7587168758716876,
                0.9989539748953975,
                0.9996513249651325
            ],
            "hits_at_k": [
                0.9853556485355649,
                0.9902370990237099,
                1.0,
                1.0,
                1.0,
                0.9299163179916318,
                1.0,
                1.0
            ],
            "loss": [
                0.7291037241617838,
                0.2523239899213677,
                0.08595425422554069,
                0.04927891497000158,
                0.1698625268962759,
                0.6260184104472524,
                0.011043001688507643,
                0.005287369827491802
            ]
        },
        "combined": {
            "accuracy": [
                0.8336820083682008,
                0.958507670850767,
                0.9797768479776848,
                0.9982566248256625,
                0.9640864714086471,
                0.7587168758716876,
                0.9989539748953975,
                0.9996513249651325
            ],
            "loss": [
                0.7291037241617838,
                0.2523239899213677,
                0.08595425422554069,
                0.04927891497000158,
                0.1698625268962759,
                0.6260184104472524,
                0.011043001688507643,
                0.005287369827491802
            ]
        }
    },
    "vali_stats": {
        "class": {
            "accuracy": [
                0.794344473007712,
                0.87146529562982,
                0.884318766066838,
                0.910025706940874,
                0.8174807197943444,
                0.5989717223650386,
                0.9023136246786633,
                0.9048843187660668
            ],
            "hits_at_k": [
                0.9691516709511568,
                0.9717223650385605,
                0.9897172236503856,
                0.9897172236503856,
                0.9820051413881749,
                0.8046272493573264,
                0.9897172236503856,
                0.9897172236503856
            ],
            "loss": [
                1.3367342795688266,
                0.695912606631116,
                0.39638957327619617,
                0.2992008926782633,
                0.49509155168018487,
                1.1311411735024735,
                0.3631595131907622,
                0.47582114325727964
            ]
        },
        "combined": {
            "accuracy": [
                0.794344473007712,
                0.87146529562982,
                0.884318766066838,
                0.910025706940874,
                0.8174807197943444,
                0.5989717223650386,
                0.9023136246786633,
                0.9048843187660668
            ],
            "loss": [
                1.3367342795688266,
                0.695912606631116,
                0.39638957327619617,
                0.2992008926782633,
                0.49509155168018487,
                1.1311411735024735,
                0.3631595131907622,
                0.47582114325727964
            ]
        }
    }
}