{
    "class": {
        "accuracy": 0.9099756690997567,
        "confusion_matrix": [
            [
                0,
                0,
                0,
                0,
                0,
                0,
                0,
                0
            ],
            [
                0,
                392,
                20,
                28,
                13,
                3,
                0,
                1
            ],
            [
                0,
                1,
                229,
                2,
                0,
                0,
                0,
                0
            ],
            [
                0,
                5,
                1,
                126,
                0,
                0,
                0,
                0
            ],
            [
                0,
                0,
                0,
                0,
                0,
                0,
                0,
                0
            ],
            [
                0,
                0,
                0,
                0,
                0,
                1,
                0,
                0
            ],
            [
                0,
                0,
                0,
                0,
                0,
                0,
                0,
                0
            ],
            [
                0,
                0,
                0,
                0,
                0,
                0,
                0,
                0
            ]
        ],
        "hits_at_k": 0.9914841849148418,
        "loss": 0.35605496733728115,
        "overall_stats": {
            "avg_f1_score_macro": 0.5236944222011922,
            "avg_f1_score_micro": 0.9099756690997567,
            "avg_f1_score_weighted": 0.9009751518518933,
            "avg_precision_macro": 0.6332304120965179,
            "avg_precision_micro": 0.9099756690997567,
            "avg_precision_weighted": 0.9099756690997567,
            "avg_recall_macro": 0.4931028218013143,
            "avg_recall_micro": 0.9099756690997567,
            "avg_recall_weighted": 0.9099756690997567,
            "kappa_score": 0.8534978155211198,
            "token_accuracy": 0.9099756690997567
        },
        "per_class_stats": {
            "<UNK>": {
                "accuracy": 1.0,
                "f1_score": 0,
                "fall_out": 0.0,
                "false_discovery_rate": 1.0,
                "false_negative_rate": 1.0,
                "false_negatives": 0,
                "false_omission_rate": 0.0,
                "false_positive_rate": 0.0,
                "false_positives": 0,
                "hit_rate": 0,
                "informedness": 0.0,
                "markedness": 0.0,
                "matthews_correlation_coefficient": 0,
                "miss_rate": 1.0,
                "negative_predictive_value": 1.0,
                "positive_predictive_value": 0,
                "precision": 0,
                "recall": 0,
                "sensitivity": 0,
                "specificity": 1.0,
                "true_negative_rate": 1.0,
                "true_negatives": 822,
                "true_positive_rate": 0,
                "true_positives": 0
            },
            "Neg-": {
                "accuracy": 0.9136253041362531,
                "f1_score": 0.9169590643274853,
                "fall_out": 0.016438356164383605,
                "false_discovery_rate": 0.015075376884422065,
                "false_negative_rate": 0.14223194748358858,
                "false_negatives": 65,
                "false_omission_rate": 0.15330188679245282,
                "false_positive_rate": 0.016438356164383605,
                "false_positives": 6,
                "hit_rate": 0.8577680525164114,
                "informedness": 0.8413296963520278,
                "markedness": 0.831622736323125,
                "matthews_correlation_coefficient": 0.8364621355627386,
                "miss_rate": 0.14223194748358858,
                "negative_predictive_value": 0.8466981132075472,
                "positive_predictive_value": 0.9849246231155779,
                "precision": 0.9849246231155779,
                "recall": 0.8577680525164114,
                "sensitivity": 0.8577680525164114,
                "specificity": 0.9835616438356164,
                "true_negative_rate": 0.9835616438356164,
                "true_negatives": 359,
                "true_positive_rate": 0.8577680525164114,
                "true_positives": 392
            },
            "Pos-acq": {
                "accuracy": 0.9562043795620438,
                "f1_score": 0.875,
                "fall_out": 0.04347826086956519,
                "false_discovery_rate": 0.1923076923076923,
                "false_negative_rate": 0.045454545454545414,
                "false_negatives": 6,
                "false_omission_rate": 0.009009009009009028,
                "false_positive_rate": 0.04347826086956519,
                "false_positives": 30,
                "hit_rate": 0.9545454545454546,
                "informedness": 0.9110671936758894,
                "markedness": 0.7986832986832986,
                "matthews_correlation_coefficient": 0.8530264659242379,
                "miss_rate": 0.045454545454545414,
                "negative_predictive_value": 0.990990990990991,
                "positive_predictive_value": 0.8076923076923077,
                "precision": 0.8076923076923077,
                "recall": 0.9545454545454546,
                "sensitivity": 0.9545454545454546,
                "specificity": 0.9565217391304348,
                "true_negative_rate": 0.9565217391304348,
                "true_negatives": 660,
                "true_positive_rate": 0.9545454545454546,
                "true_positives": 126
            },
            "Pos-coffee": {
                "accuracy": 0.9841849148418491,
                "f1_score": 0,
                "fall_out": 0.015815085158150888,
                "false_discovery_rate": 1.0,
                "false_negative_rate": 1.0,
                "false_negatives": 0,
                "false_omission_rate": 0.0,
                "false_positive_rate": 0.015815085158150888,
                "false_positives": 13,
                "hit_rate": 0,
                "informedness": -0.015815085158150888,
                "markedness": 0.0,
                "matthews_correlation_coefficient": 0,
                "miss_rate": 1.0,
                "negative_predictive_value": 1.0,
                "positive_predictive_value": 0.0,
                "precision": 0.0,
                "recall": 0,
                "sensitivity": 0,
                "specificity": 0.9841849148418491,
                "true_negative_rate": 0.9841849148418491,
                "true_negatives": 809,
                "true_positive_rate": 0,
                "true_positives": 0
            },
            "Pos-earn": {
                "accuracy": 0.9708029197080292,
                "f1_score": 0.950207468879668,
                "fall_out": 0.035593220338983045,
                "false_discovery_rate": 0.08399999999999996,
                "false_negative_rate": 0.012931034482758674,
                "false_negatives": 3,
                "false_omission_rate": 0.005244755244755206,
                "false_positive_rate": 0.035593220338983045,
                "false_positives": 21,
                "hit_rate": 0.9870689655172413,
                "informedness": 0.9514757451782583,
                "markedness": 0.9107552447552449,
                "matthews_correlation_coefficient": 0.9308928645007994,
                "miss_rate": 0.012931034482758674,
                "negative_predictive_value": 0.9947552447552448,
                "positive_predictive_value": 0.916,
                "precision": 0.916,
                "recall": 0.9870689655172413,
                "sensitivity": 0.9870689655172413,
                "specificity": 0.964406779661017,