{
    "test": {
        "class": {
            "accuracy": [
                0.7858880778588808,
                0.8795620437956204,
                0.8905109489051095,
                0.9136253041362531,
                0.8236009732360098,
                0.6155717761557178,
                0.9075425790754258,
                0.9099756690997567,
                0.9257907542579076
            ],
            "hits_at_k": [
                0.9768856447688564,
                0.9781021897810219,
                0.9841849148418491,
                0.9951338199513382,
                0.975669099756691,
                0.781021897810219,
                0.9927007299270073,
                0.9914841849148418,
                0.9987834549878345
            ],
            "loss": [
                0.7768285941613562,
                0.405496806123831,
                0.34071845497818176,
                0.2833841084853866,
                0.5036620119192304,
                1.194487161009851,
                0.300101555176895,
                0.35605496733728115,
                0.2176953156789144
            ]
        },
        "combined": {
            "accuracy": [
                0.7858880778588808,
                0.8795620437956204,
                0.8905109489051095,
                0.9136253041362531,
                0.8236009732360098,
                0.6155717761557178,
                0.9075425790754258,
                0.9099756690997567,
                0.9257907542579076
            ],
            "loss": [
                0.7768285941613562,
                0.405496806123831,
                0.34071845497818176,
                0.2833841084853866,
                0.5036620119192304,
                1.194487161009851,
                0.300101555176895,
                0.35605496733728115,
                0.2176953156789144
            ]
        }
    },
    "train": {
        "class": {
            "accuracy": [
                0.8336820083682008,
                0.958507670850767,
                0.9797768479776848,
                0.9982566248256625,
                0.9640864714086471,
                0.7587168758716876,
                0.9989539748953975,
                0.9996513249651325,
                1.0
            ],
            "hits_at_k": [
                0.9853556485355649,
                0.9902370990237099,
                1.0,
                1.0,
                1.0,
                0.9299163179916318,
                1.0,
                1.0,
                1.0
            ],
            "loss": [
                0.7291037241617838,
                0.2523239899213677,
                0.08595425422554069,
                0.04927891497000158,
                0.1698625268962759,
                0.6260184104472524,
                0.011043001688507643,
                0.005287369827491802,
                0.0019653322372580337
            ]
        },
        "combined": {
            "accuracy": [
                0.8336820083682008,
                0.958507670850767,
                0.9797768479776848,
                0.9982566248256625,
                0.9640864714086471,
                0.7587168758716876,
                0.9989539748953975,
                0.9996513249651325,
                1.0
            ],
            "loss": [
                0.7291037241617838,
                0.2523239899213677,
                0.08595425422554069,
                0.04927891497000158,
                0.1698625268962759,
                0.6260184104472524,
                0.011043001688507643,
                0.005287369827491802,
                0.0019653322372580337
            ]
        }
    },
    "validation": {
        "class": {
            "accuracy": [
                0.794344473007712,
                0.87146529562982,
                0.884318766066838,
                0.910025706940874,
                0.8174807197943444,
                0.5989717223650386,
                0.9023136246786633,
                0.9048843187660668,
                0.9048843187660668
            ],
            "hits_at_k": [
                0.9691516709511568,
                0.9717223650385605,
                0.9897172236503856,
                0.9897172236503856,
                0.9820051413881749,
                0.8046272493573264,
                0.9897172236503856,
                0.9897172236503856,
                0.9948586118251928
            ],
            "loss": [
                1.3367342795688266,
                0.695912606631116,
                0.39638957327619617,
                0.2992008926782633,
                0.49509155168018487,
                1.1311411735024735,
                0.3631595131907622,
                0.47582114325727964,
                0.34817446512110284
            ]
        },
        "combined": {
            "accuracy": [
                0.794344473007712,
                0.87146529562982,
                0.884318766066838,
                0.910025706940874,
                0.8174807197943444,
                0.5989717223650386,
                0.9023136246786633,
                0.9048843187660668,
                0.9048843187660668
            ],
            "loss": [
                1.3367342795688266,
                0.695912606631116,
                0.39638957327619617,
                0.2992008926782633,
                0.49509155168018487,
                1.1311411735024735,
                0.3631595131907622,
                0.47582114325727964,
                0.34817446512110284
            ]
        }
    }
}